{
  "name": "My workflow",
  "nodes": [
    {
      "parameters": {
        "triggerTimes": {
          "item": [
            {}
          ]
        }
      },
      "id": "4045e5a6-a413-4cd6-88a3-bca26ce159ac",
      "name": "Schedule Trigger",
      "type": "n8n-nodes-base.cron",
      "typeVersion": 1,
      "position": [
        0,
        0
      ]
    },
    {
      "parameters": {
        "documentId": {
          "__rl": true,
          "value": "https://docs.google.com/spreadsheets/d/17jWaYpHDXO_hsqIqWS6vJCQsHD7F597O1gj-7JwTO7k/edit?usp=sharing",
          "mode": "url"
        },
        "sheetName": {
          "__rl": true,
          "value": "Sheet1",
          "mode": "name"
        },
        "options": {}
      },
      "id": "6779b6b6-e4ad-422a-86e6-9ec99cf38661",
      "name": "Read Contacts from Google Sheet",
      "type": "n8n-nodes-base.googleSheets",
      "typeVersion": 3,
      "position": [
        200,
        0
      ],
      "credentials": {
        "googleSheetsOAuth2Api": {
          "id": "6ITBYYCuVtZcqKdw",
          "name": "Google Sheets account"
        }
      }
    },
    {
      "parameters": {
        "batchSize": 1,
        "options": {}
      },
      "id": "b984bde0-5ce8-48be-adf2-d5c6879af69f",
      "name": "SplitInBatches",
      "type": "n8n-nodes-base.splitInBatches",
      "typeVersion": 1,
      "position": [
        420,
        0
      ]
    },
    {
      "parameters": {
        "fromEmail": "adishmpandya@gmail.com",
        "toEmail": "={{$json[\"Email\"]}}",
        "subject": "={{\"Welcome to \" + $json[\"Company\"] + \", \" + $json[\"Name\"] + \"!\"}}",
        "text": "={{\"Hi \" + $json[\"Name\"] + \",\\n\\nWe're excited to have you on board at \" + $json[\"Company\"] + \".\\n\\n\" + $json[\"CustomMessage\"] + \"\\n\\nBest regards,\\nGigFloww\"}}",
        "options": {}
      },
      "id": "09169020-b7d4-4844-a515-5b9ce75120b2",
      "name": "Send Email",
      "type": "n8n-nodes-base.emailSend",
      "typeVersion": 1,
      "position": [
        640,
        0
      ],
      "credentials": {
        "smtp": {
          "id": "louBcqyJySfKABXq",
          "name": "SMTP account"
        }
      }
    }
  ],
  "pinData": {},
  "connections": {
    "SplitInBatches": {
      "main": [
        [
          {
            "node": "Send Email",
            "type": "main",
            "index": 0
          }
        ]
      ]
    },
    "Read Contacts from Google Sheet": {
      "main": [
        [
          {
            "node": "SplitInBatches",
            "type": "main",
            "index": 0
          }
        ]
      ]
    }
  },
  "active": true,
  "settings": {
    "executionOrder": "v1"
  },
  "versionId": "be55a364-82ca-44e1-a901-1f34c1319de4",
  "meta": {
    "templateCredsSetupCompleted": true,
    "instanceId": "75a440b8f0eeab3b587d9a2034ab2eb8611a3ba0137c7107cc7b504a108db5ac"
  },
  "id": "JwXO4jvEys7KWvEg",
  "tags": []
}